{
  "collapse-filter": false,
  "search": "",
  "showTags": false,
  "showAttachments": false,
  "hideUnresolved": false,
  "showOrphans": true,
  "collapse-color-groups": false,
  "colorGroups": [
    {
      "query": "chatlog",
      "color": {
        "a": 1,
        "rgb": 14701138
      }
    },
    {
      "query": "_Map",
      "color": {
        "a": 1,
        "rgb": 14725458
      }
    },
    {
      "query": "Template",
      "color": {
        "a": 1,
        "rgb": 3158064
      }
    }
  ],
  "collapse-display": false,
  "showArrow": false,
  "textFadeMultiplier": 0,
  "nodeSizeMultiplier": 1.68468424479167,
  "lineSizeMultiplier": 1.49527180989583,
  "collapse-forces": false,
  "centerStrength": 0.518713248970312,
  "repelStrength": 10,
  "linkStrength": 1,
  "linkDistance": 136,
  "scale": 0.6995582409804995,
  "close": true
}