{
  "main": {
    "id": "0e5aeef64f53acc5",
    "type": "split",
    "children": [
      {
        "id": "2e7225f66e8c56ff",
        "type": "tabs",
        "children": [
          {
            "id": "853aa86b9efb5836",
            "type": "leaf",
            "state": {
              "type": "markdown",
              "state": {
                "file": "indexr.md",
                "mode": "source",
                "source": false
              }
            }
          },
          {
            "id": "bf4e84e94172ec6a",
            "type": "leaf",
            "state": {
              "type": "markdown",
              "state": {
                "file": "index.md",
                "mode": "source",
                "source": false
              }
            }
          }
        ],
        "currentTab": 1
      }
    ],
    "direction": "vertical"
  },
  "left": {
    "id": "56dc09e63bbaa682",
    "type": "split",
    "children": [
      {
        "id": "9b54fadc2ee7e9c3",
        "type": "tabs",
        "children": [
          {
            "id": "a3d76b1d0d7420fe",
            "type": "leaf",
            "state": {
              "type": "file-explorer",
              "state": {
                "sortOrder": "alphabetical"
              }
            }
          },
          {
            "id": "9624d6c879e9e8c0",
            "type": "leaf",
            "state": {
              "type": "search",
              "state": {
                "query": "",
                "matchingCase": false,
                "explainSearch": false,
                "collapseAll": false,
                "extraContext": false,
                "sortOrder": "alphabetical"
              }
            }
          },
          {
            "id": "636f03aabc07ff6e",
            "type": "leaf",
            "state": {
              "type": "bookmarks",
              "state": {}
            }
          }
        ]
      }
    ],
    "direction": "horizontal",
    "width": 300
  },
  "right": {
    "id": "4d2a3e9036fb436f",
    "type": "split",
    "children": [
      {
        "id": "23bfb257df636db5",
        "type": "tabs",
        "children": [
          {
            "id": "f1a020975c14c128",
            "type": "leaf",
            "state": {
              "type": "backlink",
              "state": {
                "file": "index.md",
                "collapseAll": false,
                "extraContext": false,
                "sortOrder": "alphabetical",
                "showSearch": false,
                "searchQuery": "",
                "backlinkCollapsed": false,
                "unlinkedCollapsed": true
              }
            }
          },
          {
            "id": "fe77330facc840a3",
            "type": "leaf",
            "state": {
              "type": "outgoing-link",
              "state": {
                "file": "index.md",
                "linksCollapsed": false,
                "unlinkedCollapsed": true
              }
            }
          },
          {
            "id": "c1e2e3b5dd11a697",
            "type": "leaf",
            "state": {
              "type": "tag",
              "state": {
                "sortOrder": "frequency",
                "useHierarchy": true
              }
            }
          },
          {
            "id": "211a606bef865489",
            "type": "leaf",
            "state": {
              "type": "outline",
              "state": {
                "file": "index.md"
              }
            }
          }
        ]
      }
    ],
    "direction": "horizontal",
    "width": 300
  },
  "left-ribbon": {
    "hiddenItems": {
      "3d-graph:3D Graph": false,
      "obsidian-wordy:Wordy view": false,
      "switcher:Open quick switcher": false,
      "graph:Open graph view": false,
      "canvas:Create new canvas": false,
      "daily-notes:Open today's daily note": false,
      "templates:Insert template": false,
      "command-palette:Open command palette": false
    }
  },
  "active": "bf4e84e94172ec6a",
  "lastOpenFiles": [
    "content.md",
    "index.md",
    "indexr.md",
    "LOOM.md",
    "Chat Logs/Chat Logs.md",
    "📂 LOOM.md",
    "Poems/📂 Poems.md",
    "Observations/📂 Observations.md",
    "Chat Logs/📂 Chat Logs.md",
    "Observations/Observations.md",
    "Templates/Templates.md",
    "Translations/Translations.md",
    "Chat Logs/Chatlog 2 - Oct 30, 2023.md",
    "Translations/The Book of the Heart.md",
    "Translations/📂 Translations.md",
    "Session Summaries/📂 Session Summaries.md",
    "Poems/0.1 - به نام دوست گشاییم دفتر دل را.md",
    "Templates/📂 Templates.md",
    "Observations/Tools to look at.md",
    "Observations/_Map of Observations.md",
    "Poems/Poems.md",
    "Poems/_Map of Poems.md",
    "_Map of LOOM.md",
    "_Map of On a Loom of Code and Colour.md",
    "Translations/_Map of Translations.md",
    "Templates/_Map of Templates.md",
    "PubsidianConverter1.0alpha.exe",
    "Untitled 1.canvas",
    "Untitled.canvas",
    "MoCs",
    "Observations",
    "Chat Logs",
    "Translations",
    "Poems",
    "Session Summaries",
    "Templates"
  ]
}