{
  "main": {
    "id": "0e5aeef64f53acc5",
    "type": "split",
    "children": [
      {
        "id": "2e7225f66e8c56ff",
        "type": "tabs",
        "children": [
          {
            "id": "853aa86b9efb5836",
            "type": "leaf",
            "state": {
              "type": "markdown",
              "state": {
                "file": "Templates/Translation Template.md",
                "mode": "source",
                "backlinks": true,
                "source": false
              }
            }
          }
        ]
      }
    ],
    "direction": "vertical"
  },
  "left": {
    "id": "56dc09e63bbaa682",
    "type": "split",
    "children": [
      {
        "id": "9b54fadc2ee7e9c3",
        "type": "tabs",
        "children": [
          {
            "id": "a3d76b1d0d7420fe",
            "type": "leaf",
            "state": {
              "type": "file-explorer",
              "state": {
                "sortOrder": "alphabetical"
              }
            }
          },
          {
            "id": "9624d6c879e9e8c0",
            "type": "leaf",
            "state": {
              "type": "search",
              "state": {
                "query": "",
                "matchingCase": false,
                "explainSearch": false,
                "collapseAll": false,
                "extraContext": false,
                "sortOrder": "alphabetical"
              }
            }
          },
          {
            "id": "636f03aabc07ff6e",
            "type": "leaf",
            "state": {
              "type": "bookmarks",
              "state": {}
            }
          }
        ]
      }
    ],
    "direction": "horizontal",
    "width": 300
  },
  "right": {
    "id": "4d2a3e9036fb436f",
    "type": "split",
    "children": [
      {
        "id": "23bfb257df636db5",
        "type": "tabs",
        "children": [
          {
            "id": "f1a020975c14c128",
            "type": "leaf",
            "state": {
              "type": "backlink",
              "state": {
                "file": "Templates/Translation Template.md",
                "collapseAll": false,
                "extraContext": false,
                "sortOrder": "alphabetical",
                "showSearch": false,
                "searchQuery": "",
                "backlinkCollapsed": false,
                "unlinkedCollapsed": true
              }
            }
          },
          {
            "id": "fe77330facc840a3",
            "type": "leaf",
            "state": {
              "type": "outgoing-link",
              "state": {
                "file": "Templates/Translation Template.md",
                "linksCollapsed": false,
                "unlinkedCollapsed": true
              }
            }
          },
          {
            "id": "c1e2e3b5dd11a697",
            "type": "leaf",
            "state": {
              "type": "tag",
              "state": {
                "sortOrder": "frequency",
                "useHierarchy": true
              }
            }
          },
          {
            "id": "211a606bef865489",
            "type": "leaf",
            "state": {
              "type": "outline",
              "state": {
                "file": "Templates/Translation Template.md"
              }
            }
          },
          {
            "id": "da53af11d4cc5438",
            "type": "leaf",
            "state": {
              "type": "wordy-view",
              "state": {}
            }
          }
        ],
        "currentTab": 4
      }
    ],
    "direction": "horizontal",
    "width": 200,
    "collapsed": true
  },
  "left-ribbon": {
    "hiddenItems": {
      "switcher:Open quick switcher": false,
      "graph:Open graph view": false,
      "canvas:Create new canvas": false,
      "daily-notes:Open today's daily note": false,
      "templates:Insert template": false,
      "command-palette:Open command palette": false,
      "3d-graph:3D Graph": false,
      "obsidian-wordy:Wordy view": false
    }
  },
  "active": "853aa86b9efb5836",
  "lastOpenFiles": [
    "Templates/Chat log Template.md",
    "Templates/Translation Template.md",
    "Templates/Original Poem Template.md",
    "Templates/Poet Template.md",
    "Templates/Side-by-Side Template.md",
    "Templates/indexr.md",
    "Translations/2. Rejoice, rejoice! I have been chosen by my love.md",
    "Side-by-side/2. Rejoice, rejoice! I have been chosen by my love - En-Fa.md",
    "Side-by-side/1. I Long to Touch your Tresses - En-Fa.md",
    "Side-by-side/_Side-by-side.md",
    "Poets/Sayeh.md",
    "Poems/2. مژده بده، مژده بده، یار پسندید مرا.md",
    "Media/Social/02 - rejoice rejoice.png",
    "Side-by-side",
    "index.md",
    "Media/Pprofiles/Sayeh.png",
    "Poets/Rudaki.md",
    "Translations/1. I Long to Touch your Tresses.md",
    "Translations/The Book of the Heart.md",
    "Media/Social/01 - I long to touch your tresses.png",
    "Media/Pprofiles",
    "Media/Social",
    "Poems/1. گرفت خواهم زلفین عنبرین ترا.md",
    "Poems/1. گرفت خواهم زلفین عنبرین ترا.sync-conflict-20231120-143711-CLWDGQP.md",
    "Translations/1. I Long to Touch your Tresses.sync-conflict-20231120-143701-CLWDGQP.md",
    "Media",
    "Poems/0.1 - به نام دوست گشاییم دفتر دل را.md",
    "Observations/_Observations.md",
    "_content.md",
    "Translations/_Translations.md",
    "Chat Logs/Chatlog 2 - Oct 30, 2023.md",
    "Chat Logs/Chatlog 1 - Oct 23, 2023.md",
    "Observations/1 - A Rocky Start.md",
    "[Translations",
    "Poets/~syncthing~Rudaki.md.tmp",
    "~syncthing~.DS_Store.tmp",
    "Media/Pprofiles/Rudaki.png",
    "Poets/Rudaki 1.png",
    "Poets",
    "PubsidianConverter1.0alpha.exe",
    "Untitled 1.canvas",
    "Untitled.canvas",
    "MoCs"
  ]
}