{
  "collapse-filter": false,
  "search": "",
  "showTags": false,
  "showAttachments": false,
  "hideUnresolved": false,
  "showOrphans": true,
  "collapse-color-groups": false,
  "colorGroups": [
    {
      "query": "chatlog",
      "color": {
        "a": 1,
        "rgb": 14701138
      }
    },
    {
      "query": "tag:translation",
      "color": {
        "a": 1,
        "rgb": 14725458
      }
    }
  ],
  "collapse-display": false,
  "showArrow": true,
  "textFadeMultiplier": -0.3,
  "nodeSizeMultiplier": 2.22620442708333,
  "lineSizeMultiplier": 2.05034993489583,
  "collapse-forces": false,
  "centerStrength": 0.518713248970312,
  "repelStrength": 15.2262369791667,
  "linkStrength": 1,
  "linkDistance": 136,
  "scale": 0.5334256153650423,
  "close": false
}