{
  "main": {
    "id": "0e5aeef64f53acc5",
    "type": "split",
    "children": [
      {
        "id": "a269c528a356b45c",
        "type": "tabs",
        "children": [
          {
            "id": "bace3c4ac64b57a5",
            "type": "leaf",
            "state": {
              "type": "markdown",
              "state": {
                "file": "Side-by-side/3. My heart is wearied by the cruel thorns and roses' scorn - En-Fa.md",
                "mode": "source",
                "backlinks": true,
                "source": false
              }
            }
          }
        ]
      }
    ],
    "direction": "vertical"
  },
  "left": {
    "id": "56dc09e63bbaa682",
    "type": "split",
    "children": [
      {
        "id": "9b54fadc2ee7e9c3",
        "type": "tabs",
        "children": [
          {
            "id": "a3d76b1d0d7420fe",
            "type": "leaf",
            "state": {
              "type": "file-explorer",
              "state": {
                "sortOrder": "alphabetical"
              }
            }
          },
          {
            "id": "9624d6c879e9e8c0",
            "type": "leaf",
            "state": {
              "type": "search",
              "state": {
                "query": "tag:Rahi",
                "matchingCase": true,
                "explainSearch": false,
                "collapseAll": false,
                "extraContext": false,
                "sortOrder": "alphabetical"
              }
            }
          },
          {
            "id": "636f03aabc07ff6e",
            "type": "leaf",
            "state": {
              "type": "bookmarks",
              "state": {}
            }
          }
        ]
      }
    ],
    "direction": "horizontal",
    "width": 300
  },
  "right": {
    "id": "4d2a3e9036fb436f",
    "type": "split",
    "children": [
      {
        "id": "23bfb257df636db5",
        "type": "tabs",
        "children": [
          {
            "id": "f1a020975c14c128",
            "type": "leaf",
            "state": {
              "type": "backlink",
              "state": {
                "file": "Side-by-side/3. My heart is wearied by the cruel thorns and roses' scorn - En-Fa.md",
                "collapseAll": false,
                "extraContext": false,
                "sortOrder": "alphabetical",
                "showSearch": false,
                "searchQuery": "",
                "backlinkCollapsed": false,
                "unlinkedCollapsed": true
              }
            }
          },
          {
            "id": "fe77330facc840a3",
            "type": "leaf",
            "state": {
              "type": "outgoing-link",
              "state": {
                "file": "Side-by-side/3. My heart is wearied by the cruel thorns and roses' scorn - En-Fa.md",
                "linksCollapsed": false,
                "unlinkedCollapsed": true
              }
            }
          },
          {
            "id": "c1e2e3b5dd11a697",
            "type": "leaf",
            "state": {
              "type": "tag",
              "state": {
                "sortOrder": "frequency",
                "useHierarchy": true
              }
            }
          },
          {
            "id": "211a606bef865489",
            "type": "leaf",
            "state": {
              "type": "outline",
              "state": {
                "file": "Side-by-side/3. My heart is wearied by the cruel thorns and roses' scorn - En-Fa.md"
              }
            }
          },
          {
            "id": "da53af11d4cc5438",
            "type": "leaf",
            "state": {
              "type": "wordy-view",
              "state": {}
            }
          }
        ]
      }
    ],
    "direction": "horizontal",
    "width": 200,
    "collapsed": true
  },
  "left-ribbon": {
    "hiddenItems": {
      "switcher:Open quick switcher": false,
      "graph:Open graph view": false,
      "canvas:Create new canvas": false,
      "daily-notes:Open today's daily note": false,
      "templates:Insert template": false,
      "command-palette:Open command palette": false,
      "3d-graph:3D Graph": false,
      "obsidian-wordy:Wordy view": false
    }
  },
  "active": "bace3c4ac64b57a5",
  "lastOpenFiles": [
    "Translations/3. My heart is wearied by the cruel thorns and roses' scorn.md",
    "Side-by-side/2. Rejoice, rejoice! I have been chosen by my love - En-Fa.md",
    "Poems/2. مژده بده، مژده بده، یار پسندید مرا.md",
    "Translations/2. Rejoice, rejoice! I have been chosen by my love.md",
    "Poets/Sayeh.md",
    "Side-by-side/3. My heart is wearied by the cruel thorns and roses' scorn - En-Fa.md",
    "Poems/3. بس که جفا ز خار و گل دید دل رمیده‌ام.md",
    "Poems/1. گرفت خواهم زلفین عنبرین ترا.md",
    "Translations/The Book of the Heart.md",
    "Translations/1. I Long to Touch your Tresses.md",
    "Poets/Rahi.md",
    "Observations/Tools to look at.md",
    "Poems/_Poems.md",
    "Rahi.md",
    "Translations/_Translations.md",
    "Poems/0.1 - به نام دوست گشاییم دفتر دل را.md",
    "Observations/Heart vs Del.md",
    "Poets/Rudaki.md",
    "Templates/Chat log Template.md",
    "Chat Logs/_Chat Logs.md",
    "Media/Social/3 My heart is wearied.png",
    "Media/Pprofiles/Rahi.png",
    "Poets/_Poets.md",
    "Templates/Original Poem Template.md",
    "Side-by-side/1. I Long to Touch your Tresses - En-Fa.md",
    "Media/Pprofiles/Sayeh.png",
    "Side-by-side/_Side-by-side.md",
    "Media/Social/2 - rejoice rejoice.png",
    "temporary/_temporary.md",
    "temporary",
    "_content.md",
    "Media/Social/1 - I long to touch your tresses.png",
    "Side-by-side",
    "Media/Pprofiles",
    "Media/Social",
    "Media",
    "[Translations",
    "Poets/~syncthing~Rudaki.md.tmp",
    "~syncthing~.DS_Store.tmp",
    "Media/Pprofiles/Rudaki.png",
    "Poets/Rudaki 1.png",
    "Poets",
    "PubsidianConverter1.0alpha.exe",
    "Untitled 1.canvas",
    "Untitled.canvas"
  ]
}