{
  "obsidian-wordy:wordy-syn": [
    {
      "modifiers": [
        "Mod",
        "Shift"
      ],
      "key": "7"
    }
  ],
  "obsidian-wordy:wordy-rhy": [
    {
      "modifiers": [
        "Mod",
        "Shift"
      ],
      "key": "0"
    }
  ],
  "obsidian-wordy:wordy-asyn": [
    {
      "modifiers": [
        "Mod",
        "Shift"
      ],
      "key": "9"
    }
  ],
  "obsidian-emoji-toolbar:emoji-picker:open-picker": [
    {
      "modifiers": [
        "Mod",
        "Shift"
      ],
      "key": "E"
    }
  ],
  "hard-breaks:replace-all-soft-breaks": [
    {
      "modifiers": [
        "Shift"
      ],
      "key": "Enter"
    }
  ],
  "global-search-and-replace:search-and-replace": [
    {
      "modifiers": [
        "Alt",
        "Mod"
      ],
      "key": "F"
    }
  ],
  "local-backup:run-local-backup": [
    {
      "modifiers": [
        "Alt",
        "Mod"
      ],
      "key": "B"
    }
  ]
}