{
  "main": {
    "id": "0e5aeef64f53acc5",
    "type": "split",
    "children": [
      {
        "id": "324800abb93ff070",
        "type": "tabs",
        "children": [
          {
            "id": "cfda9408009bc5f5",
            "type": "leaf",
            "state": {
              "type": "markdown",
              "state": {
                "file": "Translations/5. Heavy lies my heart my friend with tears that want to flow.md",
                "mode": "source",
                "backlinks": true,
                "source": false
              }
            }
          },
          {
            "id": "0aa46c739190b199",
            "type": "leaf",
            "state": {
              "type": "3d_graph_view",
              "state": {}
            }
          },
          {
            "id": "0bd2dc30003e830b",
            "type": "leaf",
            "state": {
              "type": "3d_graph_view",
              "state": {}
            }
          },
          {
            "id": "a023fa47408226db",
            "type": "leaf",
            "state": {
              "type": "markdown",
              "state": {
                "file": "Translations/5. Heavy lies my heart my friend with tears that want to flow.md",
                "mode": "source",
                "backlinks": true,
                "source": false
              }
            }
          }
        ],
        "currentTab": 3
      }
    ],
    "direction": "vertical"
  },
  "left": {
    "id": "56dc09e63bbaa682",
    "type": "split",
    "children": [
      {
        "id": "9b54fadc2ee7e9c3",
        "type": "tabs",
        "children": [
          {
            "id": "a3d76b1d0d7420fe",
            "type": "leaf",
            "state": {
              "type": "file-explorer",
              "state": {
                "sortOrder": "alphabetical"
              }
            }
          },
          {
            "id": "9624d6c879e9e8c0",
            "type": "leaf",
            "state": {
              "type": "search",
              "state": {
                "query": "tag:",
                "matchingCase": true,
                "explainSearch": false,
                "collapseAll": false,
                "extraContext": false,
                "sortOrder": "alphabetical"
              }
            }
          },
          {
            "id": "636f03aabc07ff6e",
            "type": "leaf",
            "state": {
              "type": "bookmarks",
              "state": {}
            }
          }
        ]
      }
    ],
    "direction": "horizontal",
    "width": 297.5
  },
  "right": {
    "id": "4d2a3e9036fb436f",
    "type": "split",
    "children": [
      {
        "id": "23bfb257df636db5",
        "type": "tabs",
        "children": [
          {
            "id": "f1a020975c14c128",
            "type": "leaf",
            "state": {
              "type": "backlink",
              "state": {
                "file": "Translations/5. Heavy lies my heart my friend with tears that want to flow.md",
                "collapseAll": false,
                "extraContext": false,
                "sortOrder": "alphabetical",
                "showSearch": false,
                "searchQuery": "",
                "backlinkCollapsed": false,
                "unlinkedCollapsed": true
              }
            }
          },
          {
            "id": "fe77330facc840a3",
            "type": "leaf",
            "state": {
              "type": "outgoing-link",
              "state": {
                "file": "Translations/5. Heavy lies my heart my friend with tears that want to flow.md",
                "linksCollapsed": false,
                "unlinkedCollapsed": true
              }
            }
          },
          {
            "id": "c1e2e3b5dd11a697",
            "type": "leaf",
            "state": {
              "type": "tag",
              "state": {
                "sortOrder": "frequency",
                "useHierarchy": true
              }
            }
          },
          {
            "id": "211a606bef865489",
            "type": "leaf",
            "state": {
              "type": "outline",
              "state": {
                "file": "Translations/5. Heavy lies my heart my friend with tears that want to flow.md"
              }
            }
          },
          {
            "id": "edddb30ed20dfd91",
            "type": "leaf",
            "state": {
              "type": "wordy-view",
              "state": {}
            }
          }
        ],
        "currentTab": 4
      }
    ],
    "direction": "horizontal",
    "width": 200
  },
  "left-ribbon": {
    "hiddenItems": {
      "switcher:Open quick switcher": false,
      "graph:Open graph view": false,
      "canvas:Create new canvas": false,
      "daily-notes:Open today's daily note": false,
      "templates:Insert template": false,
      "command-palette:Open command palette": false,
      "3d-graph:3D Graph": false,
      "obsidian-wordy:Wordy view": false
    }
  },
  "active": "a023fa47408226db",
  "lastOpenFiles": [
    "Translations/4. Do you believe divine grace in you does not dwell - It does.md",
    "Media/Social/5. Heavy lies my heart my friend with tears that want to flow.png",
    "Media/Social/4 - Think gems don't fall.png",
    "Media/Social/3 My heart is wearied.png",
    "Media/Social/2 - rejoice rejoice.png",
    "Media/Social/1 - I long to touch your tresses.png",
    "Media/Woven Carpet Loom.png",
    "Translations/5. Heavy lies my heart my friend with tears that want to flow.md",
    "Side-by-side/5. Heavy lies my heart my friend tears are in tow with me - En-Fa.md",
    "Side-by-side/4. Do you believe divine grace in you does not dwell - it does - En-Fa.md",
    "temporary/_temporary.md",
    "Poets/Simin Behbahani.md",
    "that.md",
    "Jadid.md",
    "temporary/icon.png",
    "Side-by-side/1. I Long to Touch your Tresses - En-Fa.md",
    "Poets/Sana’i Ghaznavi.md",
    "index.md",
    "Translations/2. Rejoice, rejoice! I have been chosen by my love.md",
    "Translations/3. My heart is wearied by the cruel thorns and roses' scorn.md",
    "Translations/1. I Long to Touch your Tresses.md",
    "Media/Pprofiles/Simin.png",
    "Translations/The Book of the Heart.md",
    "Poets/Sayeh.md",
    "Poets/Rahi.md",
    "Poets/Rudaki.md",
    "Poets/Simin Behbahāni.md",
    "Side-by-side/3. My heart is wearied by the cruel thorns and roses' scorn - En-Fa.md",
    "Poems/0.1 - به نام دوست گشاییم دفتر دل را.md",
    "Observations/Heart vs Del.md",
    "Side-by-side/2. Rejoice, rejoice! I have been chosen by my love - En-Fa.md",
    "Chat Logs/_Chat Logs.md",
    "Poems/1. گرفت خواهم زلفین عنبرین ترا.md",
    "Media/Pprofiles/Rahi.png",
    "Media/Pprofiles/Sayeh.png",
    "temporary",
    "Side-by-side",
    "Media/Pprofiles",
    "Media/Social",
    "Media",
    "[Translations",
    "Poets/~syncthing~Rudaki.md.tmp",
    "~syncthing~.DS_Store.tmp",
    "Poets",
    "PubsidianConverter1.0alpha.exe",
    "Untitled 1.canvas",
    "Untitled.canvas"
  ]
}